Código AMIE|Nombre de la Institución Educativa|Código División Política Administrativa Provincia|Provincia|Código División Política Administrativa  Cantón|Cantón|Código División Política Administrativa  Parroquia|Parroquia|Zona Administrativa|Denominación del Distrito|Código de Distrito|Código de Circuito Educativo| Unidad Administrativa Circuital (propuesta de ubicación)|Casos excepcionales|Sostenimiento|Régimen Escolar|Jurisdicción|Tipo de Educación|Modalidad|Jornada|Nivel|Etnia|Nacionalidad|Pueblo|Institución Educativa georeferenciada|Institución responsable|Acceso (terrestre/ aéreo/fluvial)|Número de estudiantes|Número de docentes|Estado
08H02231|8 DE SEPTIEMBRE|08|ESMERALDAS|0808|LA CONCORDIA|080850|LA CONCORDIA|Zona 4|LA CONCORDIA|23D03|23D03C01||0|Fiscal|COSTA|Hispana|Popular Permanente|Presencial|Nocturna|Alfabetización P.P|Mestiza|NULL|NULL|NO|0|Terrestre|51|0|Activa
08H02177|ECO-MUNDO|08|ESMERALDAS|0808|LA CONCORDIA|080850|LA CONCORDIA|Zona 4|LA CONCORDIA|23D03|23D03C01||0|Particular|COSTA|Hispana|Educación regular|Presencial|Matutina|Educación Básica|Mestiza|NULL|NULL|NO|0|Terrestre|166|8|Activa
08H02186|ARTESANAL MODA ACTUAL|08|ESMERALDAS|0808|LA CONCORDIA|080850|LA CONCORDIA|Zona 4|LA CONCORDIA|23D03|23D03C01||0|Fiscal|COSTA|Hispana|Popular Permanente|Presencial|Matutina|Educación Básica|Mestiza|NULL|NULL|NO|0|Terrestre|24|2|Activa
08H01156|CENTRO DE FORMACION ARTESANAL 21 DE SEPTIEMBRE|08|ESMERALDAS|0808|LA CONCORDIA|080850|LA CONCORDIA|Zona 4|LA CONCORDIA|23D03|23D03C01||0|Particular|COSTA|Hispana|Popular Permanente|Presencial|Vespertina|Educación Básica y Artesanal P.P|Mestiza|No aplica|No Aplica|NO|1|Terrestre|50|4|Activa
08H01161|FREDESULINDA ROSERO  DE  PÁEZ|08|ESMERALDAS|0808|LA CONCORDIA|080850|LA CONCORDIA|Zona 4|LA CONCORDIA|23D03|23D03C01||0|Fiscal|COSTA|Hispana|Popular Permanente|Presencial|Vespertina|Educación Básica|Mestiza|No aplica|No Aplica|NO|1|Terrestre|261|10|Activa
08H01127|CENTRO OCUPASIONAL POPULAR NUEVA CONCORDIA|08|ESMERALDAS|0808|LA CONCORDIA|080850|LA CONCORDIA|Zona 4|LA CONCORDIA|23D03|23D03C01||0|Fiscal|COSTA|Hispana|Popular Permanente|Presencial|Nocturna|Educación Básica, Alfabetización y Artesanal P.P.|Mestiza|No aplica|No Aplica|NO|1|Terrestre|28|1|Activa
08H01132|COLEGIO JUAN MONTALVO|08|ESMERALDAS|0808|LA CONCORDIA|080850|LA CONCORDIA|Zona 4|LA CONCORDIA|23D03|23D03C01||0|Particular|COSTA|Hispana|Popular Permanente|Presencial|Matutina|Educación Básica y Bachillerato|Mestiza|No aplica|No Aplica|NO|1|Terrestre|180|8|Activa
08H01134|DAVID AUSUBEL|08|ESMERALDAS|0808|LA CONCORDIA|080850|LA CONCORDIA|Zona 4|LA CONCORDIA|23D03|23D03C01||0|Particular|COSTA|Hispana|Educación regular|Presencial|Matutina|Inicial y Educacción Básica|Mestiza|No aplica|No Aplica|SI|2|Terrestre|23|6|Activa
08H01136|AGUSTIN OCAMPO SANTANDER|08|ESMERALDAS|0808|LA CONCORDIA|080850|LA CONCORDIA|Zona 4|LA CONCORDIA|23D03|23D03C01||0|Fiscal|COSTA|Hispana|Educación regular|Presencial|Matutina|Inicial y Educacción Básica|Mestiza|No aplica|No Aplica|SI|2|Terrestre|238|9|Activa
08H01137|ESCUELA MARICELA LOOR DE ALAVA|08|ESMERALDAS|0808|LA CONCORDIA|080850|LA CONCORDIA|Zona 4|LA CONCORDIA|23D03|23D03C01||0|Fiscal|COSTA|Hispana|Educación regular|Presencial|Matutina|Educación Básica|Mestiza|No aplica|No Aplica|SI|2|Terrestre|77|2|Activa
08H01144|DOCTOR ANDRES F CORDOVA|08|ESMERALDAS|0808|LA CONCORDIA|080850|LA CONCORDIA|Zona 4|LA CONCORDIA|23D03|23D03C01||0|Fiscal|COSTA|Hispana|Educación regular|Presencial|Matutina|Inicial y Educacción Básica|Mestiza|No aplica|No Aplica|SI|2|Terrestre|348|11|Activa
08H01145|BENITO JUAREZ|08|ESMERALDAS|0808|LA CONCORDIA|080850|LA CONCORDIA|Zona 4|LA CONCORDIA|23D03|23D03C01||0|Particular|COSTA|Hispana|Educación regular|Presencial|Vespertina|Educación Básica|Mestiza|No aplica|No Aplica|SI|2|Terrestre|43|0|Activa
08H01148|JHON DALTON|08|ESMERALDAS|0808|LA CONCORDIA|080850|LA CONCORDIA|Zona 4|LA CONCORDIA|23D03|23D03C01||0|Particular|COSTA|Hispana|Popular Permanente|Presencial|Matutina|Educación Básica|Mestiza|No aplica|No Aplica|SI|2|Terrestre|61|9|Activa
08H01152|UNIDAD EDUCATIVA VON HUMBOLDT|08|ESMERALDAS|0808|LA CONCORDIA|080850|LA CONCORDIA|Zona 4|LA CONCORDIA|23D03|23D03C01||0|Particular|COSTA|Hispana|Educación regular|Presencial|Matutina|Inicial Educación Básica y Bachillerato|Mestiza|No aplica|No Aplica|SI|2|Terrestre|37|6|Activa
08H01155|10   DE  AGOSTO|08|ESMERALDAS|0808|LA CONCORDIA|080850|LA CONCORDIA|Zona 4|LA CONCORDIA|23D03|23D03C01||0|Fiscal|COSTA|Hispana|Educación regular|Presencial|Matutina|Inicial y Educacción Básica|Mestiza|No aplica|No Aplica|SI|2|Terrestre|371|17|Activa
08H01159|MARIA ANTONIETA CRUZ LOPEZ|08|ESMERALDAS|0808|LA CONCORDIA|080850|LA CONCORDIA|Zona 4|LA CONCORDIA|23D03|23D03C01||0|Particular|COSTA|Hispana|Educación regular|Presencial|Matutina|Educación Básica|Mestiza|No aplica|No Aplica|SI|2|Terrestre|62|4|Activa
08H01160|8 DE SEPTIEMBRE|08|ESMERALDAS|0808|LA CONCORDIA|080850|LA CONCORDIA|Zona 4|LA CONCORDIA|23D03|23D03C01||0|Fiscal|COSTA|Hispana|Educación regular|Presencial|Matutina|Educación Básica y Bachillerato|Mestiza|No aplica|No Aplica|SI|2|Terrestre|209|12|Activa
08H01172|ESCUELA MIRIAN HERAS CEVALLOS|08|ESMERALDAS|0808|LA CONCORDIA|080850|LA CONCORDIA|Zona 4|LA CONCORDIA|23D03|23D03C01||0|Fiscal|COSTA|Hispana|Educación regular|Presencial|Matutina|Inicial y Educacción Básica|Mestiza|No aplica|No Aplica|SI|2|Terrestre|713|25|Activa
08H01177|CIUDAD DE QUINIDE|08|ESMERALDAS|0808|LA CONCORDIA|080850|LA CONCORDIA|Zona 4|LA CONCORDIA|23D03|23D03C01||0|Fiscal|COSTA|Hispana|Educación regular|Presencial|Vespertina|Inicial y Educacción Básica|Mestiza|No aplica|No Aplica|SI|2|Terrestre|563|23|Activa
08H01124|ESC. SIMON BOLIVAR|08|ESMERALDAS|0808|LA CONCORDIA|080850|LA CONCORDIA|Zona 4|LA CONCORDIA|23D03|23D03C01||0|Fiscal|COSTA|Hispana|Educación regular|Presencial|Matutina|Inicial y Educacción Básica|Mestiza|No aplica|No Aplica|SI|2|Terrestre|252|10|Activa
08H01129|COLEGIO LUZ DEL EVANGELIO|08|ESMERALDAS|0808|LA CONCORDIA|080850|LA CONCORDIA|Zona 4|LA CONCORDIA|23D03|23D03C01||0|Particular|COSTA|Hispana|Educación regular|Presencial|Matutina|Educación Básica y Bachillerato|Mestiza|No aplica|No Aplica|SI|2|Terrestre|179|0|Activa
23H00301|SERGIO NUÑEZ|08|ESMERALDAS|0808|LA CONCORDIA|080850|LA CONCORDIA|Zona 4|LA CONCORDIA|23D03|23D03C01||0|Fiscal|COSTA|Hispana|Educación regular|Presencial|Matutina|Educación Básica|Mestiza|No aplica|No Aplica|SI|2|Terrestre|708|23|Activa
23H00380|DR JOSE  GREGORIO HERNANDEZ  CISNEROS|08|ESMERALDAS|0808|LA CONCORDIA|080850|LA CONCORDIA|Zona 4|LA CONCORDIA|23D03|23D03C01||0|Fiscal|COSTA|Hispana|Educación regular|Presencial|Nocturna|Educación Básica|Mestiza|No aplica|No Aplica|SI|2|Terrestre|76|6|Activa
08H01164|TECNICO AGROPECUARIO NUEVA CONCORDIA|08|ESMERALDAS|0808|LA CONCORDIA|080850|LA CONCORDIA|Zona 4|LA CONCORDIA|23D03|23D03C01|SI|0|Fiscal|COSTA|Hispana|Educación regular|Presencial|Matutina|Educación Básica y Bachillerato|Mestiza|No aplica|No Aplica|SI|2|Terrestre|524|26|Activa
08H02139|LUIS BECERRA |08|ESMERALDAS|0808|LA CONCORDIA|080851|MONTERREY|Zona 4|LA CONCORDIA|23D03|23D03C02||0|Fiscal|COSTA|Hispana|Educación regular|Presencial|Matutina|Educación Básica|Mestiza|No aplica|No Aplica|NO|0|Terrestre|18|1|Activa
08H02143|MIGUEL RIOFRIO|08|ESMERALDAS|0808|LA CONCORDIA|080851|MONTERREY|Zona 4|LA CONCORDIA|23D03|23D03C02||0|Fiscal|COSTA|Hispana|Educación regular|Presencial|Matutina|Educación Básica|Mestiza|No aplica|No Aplica|NO|0|Terrestre|142|6|Activa
08H02156|JUAN HARO ROSERO|08|ESMERALDAS|0808|LA CONCORDIA|080851|MONTERREY|Zona 4|LA CONCORDIA|23D03|23D03C02||0|Fiscal|COSTA|Hispana|Educación regular|Presencial|Matutina|Educación Básica|Mestiza|No aplica|No Aplica|NO|0|Terrestre|52|2|Activa
08H02159|INSTITUTO DE EDUCACION ESPECIAL CORAZONES VALIENTES |08|ESMERALDAS|0808|LA CONCORDIA|080851|MONTERREY|Zona 4|LA CONCORDIA|23D03|23D03C02||0|Fiscal|COSTA|Hispana|Educación Especial|Presencial|Vespertina|Inicial y Educacción Básica|Mestiza|No aplica|No Aplica|NO|0|Terrestre|66|15|Activa
08H02082|EDMUNDO BASTIDAS ARGUELLO |08|ESMERALDAS|0808|LA CONCORDIA|080852|LA VILLEGAS|Zona 4|LA CONCORDIA|23D03|23D03C02||0|Fiscal|COSTA|Hispana|Educación regular|Presencial|Matutina|Educación Básica|Mestiza|No aplica|No Aplica|NO|0|Terrestre|15|1|Activa
08H02083|CIUDAD DE QUEVEDO|08|ESMERALDAS|0808|LA CONCORDIA|080852|LA VILLEGAS|Zona 4|LA CONCORDIA|23D03|23D03C02||0|Fiscal|COSTA|Hispana|Educación regular|Presencial|Matutina|Educación Básica|Mestiza|No aplica|No Aplica|NO|0|Terrestre|19|1|Activa
08H02085|26 DE NOVIEMBRE|08|ESMERALDAS|0808|LA CONCORDIA|080851|MONTERREY|Zona 4|LA CONCORDIA|23D03|23D03C02||0|Fiscal|COSTA|Hispana|Educación regular|Presencial|Matutina|Educación Básica|Mestiza|No aplica|No Aplica|NO|0|Terrestre|20|1|Activa
08H01475|TACITO ORTIZ URRIOLA|08|ESMERALDAS|0808|LA CONCORDIA|080851|MONTERREY|Zona 4|LA CONCORDIA|23D03|23D03C02||0|Fiscal|COSTA|Hispana|Educación regular|Presencial|Matutina|Educación Básica|Mestiza|No aplica|No Aplica|SI|2|Terrestre|39|1|Activa
08H01069|ESCUELA CARLOS GARBAY MONTESDEOCA|08|ESMERALDAS|0808|LA CONCORDIA|080852|LA VILLEGAS|Zona 4|LA CONCORDIA|23D03|23D03C02||0|Fiscal|COSTA|Hispana|Educación regular|Presencial|Matutina|Inicial y Educacción Básica|Mestiza|No aplica|No Aplica|SI|2|Terrestre|256|8|Activa
08H01073|GUSTAVO BECERRA ORTIZ|08|ESMERALDAS|0808|LA CONCORDIA|080852|LA VILLEGAS|Zona 4|LA CONCORDIA|23D03|23D03C02||0|Fiscal|COSTA|Hispana|Educación regular|Presencial|Matutina y Nocturna|Educación Básica y Bachillerato|Mestiza|No aplica|No Aplica|SI|2|Terrestre|406|29|Activa
08H01078|AMIGUITOS DE LA INFANCIA|08|ESMERALDAS|0808|LA CONCORDIA|080851|MONTERREY|Zona 4|LA CONCORDIA|23D03|23D03C02||0|Fiscal|COSTA|Hispana|Educación regular|Presencial|Matutina|Educación Básica|Mestiza|No aplica|No Aplica|SI|2|Terrestre|71|3|Activa
08H01079|DR RICARDO PAREDES ROMERO|08|ESMERALDAS|0808|LA CONCORDIA|080852|LA VILLEGAS|Zona 4|LA CONCORDIA|23D03|23D03C02||0|Fiscal|COSTA|Hispana|Educación regular|Presencial|Matutina|Educación Básica|Mestiza|No aplica|No Aplica|SI|2|Terrestre|29|1|Activa
08H01081|VICTOR MANUEL VILLEGAS PLAZA|08|ESMERALDAS|0808|LA CONCORDIA|080852|LA VILLEGAS|Zona 4|LA CONCORDIA|23D03|23D03C02||0|Fiscal|COSTA|Hispana|Educación regular|Presencial|Matutina|Inicial y Educacción Básica|Mestiza|No aplica|No Aplica|SI|2|Terrestre|240|8|Activa
08H01105|ESCUELA SAGRADOS CORAZONES|08|ESMERALDAS|0808|LA CONCORDIA|080851|MONTERREY|Zona 4|LA CONCORDIA|23D03|23D03C02||0|Fiscomisional|COSTA|Hispana|Educación regular|Presencial|Matutina|Inicial y Educacción Básica|Mestiza|No aplica|No Aplica|SI|2|Terrestre|199|8|Activa
08H01106|ANTONIO ALOMIA LLORY|08|ESMERALDAS|0808|LA CONCORDIA|080852|LA VILLEGAS|Zona 4|LA CONCORDIA|23D03|23D03C02||0|Fiscal|COSTA|Hispana|Educación regular|Presencial|Matutina|Inicial y Educacción Básica|Mestiza|No aplica|No Aplica|SI|2|Terrestre|328|11|Activa
08H01112|ESCUELA TIERRA ESMERALDEÑA|08|ESMERALDAS|0808|LA CONCORDIA|080851|MONTERREY|Zona 4|LA CONCORDIA|23D03|23D03C02||0|Fiscal|COSTA|Hispana|Educación regular|Presencial|Matutina|Inicial y Educacción Básica|Mestiza|No aplica|No Aplica|SI|2|Terrestre|591|28|Activa
08H01567|MANUELA CANIZARES|08|ESMERALDAS|0808|LA CONCORDIA|080851|MONTERREY|Zona 4|LA CONCORDIA|23D03|23D03C02||0|Fiscal|COSTA|Hispana|Educación regular|Presencial|Matutina|Educación Básica|Mestiza|No aplica|No Aplica|SI|2|Terrestre|80|4|Activa
13H04690|CIUDAD DE CUENCA|08|ESMERALDAS|0808|LA CONCORDIA|080851|MONTERREY|Zona 4|LA CONCORDIA|23D03|23D03C02||0|Fiscal|COSTA|Hispana|Educación regular|Presencial|Matutina|Educación Básica|Mestiza|No aplica|No Aplica|SI|2|Terrestre|26|1|Activa
23H00359|REPUBLICA DE PORTUGAL|08|ESMERALDAS|0808|LA CONCORDIA|080851|MONTERREY|Zona 4|LA CONCORDIA|23D03|23D03C02||0|Fiscal|COSTA|Hispana|Educación regular|Presencial|Matutina|Educación Básica|Mestiza|No aplica|No Aplica|SI|2|Terrestre|312|10|Activa
23H00360|JOSE DE LA CRUZ|08|ESMERALDAS|0808|LA CONCORDIA|080852|LA VILLEGAS|Zona 4|LA CONCORDIA|23D03|23D03C02||0|Fiscal|COSTA|Hispana|Educación regular|Presencial|Matutina|Educación Básica|Mestiza|No aplica|No Aplica|SI|2|Terrestre|245|7|Activa
23H00550|SAN MIGUEL DE GUABAL|08|ESMERALDAS|0808|LA CONCORDIA|080851|MONTERREY|Zona 4|LA CONCORDIA|23D03|23D03C02||0|Fiscal|COSTA|Hispana|Educación regular|Presencial|Matutina|Educación Básica|Mestiza|No aplica|No Aplica|SI|2|Terrestre|51|3|Activa
23H00552|FUERTE MILITAR ATAHUALPA|08|ESMERALDAS|0808|LA CONCORDIA|080851|MONTERREY|Zona 4|LA CONCORDIA|23D03|23D03C02||0|Fiscal|COSTA|Hispana|Educación regular|Presencial|Matutina|Educación Básica|Mestiza|No aplica|No Aplica|SI|2|Terrestre|64|3|Activa
23H00573|ISLA FERNANDINA|08|ESMERALDAS|0808|LA CONCORDIA|080851|MONTERREY|Zona 4|LA CONCORDIA|23D03|23D03C02||0|Fiscal|COSTA|Hispana|Educación regular|Presencial|Matutina|Educación Básica|Mestiza|No aplica|No Aplica|SI|2|Terrestre|51|2|Activa
23H00361|JOAQUIN GALLEGOS LARA|08|ESMERALDAS|0808|LA CONCORDIA|080851|MONTERREY|Zona 4|LA CONCORDIA|23D03|23D03C02|SI|0|Fiscal|COSTA|Hispana|Educación regular|Presencial|Matutina|Educación Básica y Bachillerato|Mestiza|No aplica|No Aplica|SI|2|Terrestre|431|23|Activa
08H01808|HECTOR ERAZO|08|ESMERALDAS|0808|LA CONCORDIA|080850|LA CONCORDIA|Zona 4|LA CONCORDIA|23D03|23D03C03||0|Fiscal|COSTA|Hispana|Popular Permanente|Presencial|Vespertina|Educación Básica|Mestiza|No aplica|No Aplica|NO|0|Terrestre|101|6|Activa
08H02101|ABOGADO JAIME ROLDOS AGUILERA|08|ESMERALDAS|0808|LA CONCORDIA|080850|LA CONCORDIA|Zona 4|LA CONCORDIA|23D03|23D03C03||0|Particular|COSTA|Hispana|Educación regular|A Distancia|Matutina|Educación Básica y Bachillerato|Mestiza|No aplica|No Aplica|NO|0|Terrestre|113|6|Activa
08H02184|5 DE SEPTIEMBRE |08|ESMERALDAS|0808|LA CONCORDIA|080850|LA CONCORDIA|Zona 4|LA CONCORDIA|23D03|23D03C03||0|Fiscal|COSTA|Hispana|Popular Permanente|Presencial|Vespertina|Alfabetización P.P|Mestiza|NULL|NULL|NO|0|Terrestre|23|1|Activa
08H01133|CENTRO DE FORMACION ARTESANAL PARTICULAR 5 DE AGOSTO|08|ESMERALDAS|0808|LA CONCORDIA|080850|LA CONCORDIA|Zona 4|LA CONCORDIA|23D03|23D03C03||0|Particular|COSTA|Hispana|Popular Permanente|Presencial|Vespertina|Educación Básica|Mestiza|No aplica|No Aplica|NO|1|Terrestre|33|5|Activa
08H01131|PROVINCIA DE ESMERALDAS|08|ESMERALDAS|0808|LA CONCORDIA|080850|LA CONCORDIA|Zona 4|LA CONCORDIA|23D03|23D03C03||0|Fiscal|COSTA|Hispana|Educación regular|Presencial|Matutina|Inicial y Educacción Básica|Mestiza|No aplica|No Aplica|NO|1|Terrestre|660|23|Activa
17H02580|ADALBERTO ORTIZ QUIÑONEZ|08|ESMERALDAS|0808|LA CONCORDIA|080850|LA CONCORDIA|Zona 4|LA CONCORDIA|23D03|23D03C03||0|Fiscal|SIERRA|Hispana|Educación regular|Presencial|Matutina|Educación Básica|Mestiza|No aplica|No Aplica|NO|1|Terrestre|37|0|Activa
08H01142|CARLOS MARIA DE LA CONDAMINE|08|ESMERALDAS|0808|LA CONCORDIA|080850|LA CONCORDIA|Zona 4|LA CONCORDIA|23D03|23D03C03||0|Particular|COSTA|Hispana|Educación regular|Presencial|Matutina|Educación Básica y Bachillerato|Mestiza|No aplica|No Aplica|SI|2|Terrestre|223|10|Activa
08H01162|COLEGIO PARTICULAR ECUADOR|08|ESMERALDAS|0808|LA CONCORDIA|080850|LA CONCORDIA|Zona 4|LA CONCORDIA|23D03|23D03C03||0|Particular|COSTA|Hispana|Popular Permanente|A Distancia|Matutina|Educación Básica y Bachillerato|Mestiza|No aplica|No Aplica|SI|2|Terrestre|231|9|Activa
08H01163|CANADIENSE|08|ESMERALDAS|0808|LA CONCORDIA|080850|LA CONCORDIA|Zona 4|LA CONCORDIA|23D03|23D03C03||0|Particular|COSTA|Hispana|Educación regular|Presencial|Matutina|Educación Básica|Mestiza|No aplica|No Aplica|SI|2|Terrestre|174|12|Activa
08H01166|17 DE OCTUBRE|08|ESMERALDAS|0808|LA CONCORDIA|080850|LA CONCORDIA|Zona 4|LA CONCORDIA|23D03|23D03C03||0|Fiscal|COSTA|Hispana|Educación regular|Presencial|Matutina|Inicial y Educacción Básica|Mestiza|No aplica|No Aplica|SI|2|Terrestre|269|13|Activa
08H01167|DR. JULIO PLAZA LEDESMA|08|ESMERALDAS|0808|LA CONCORDIA|080850|LA CONCORDIA|Zona 4|LA CONCORDIA|23D03|23D03C03||0|Fiscal|COSTA|Hispana|Educación regular|Presencial|Nocturna|Educación Básica|Mestiza|No aplica|No Aplica|SI|2|Terrestre|80|3|Activa
08H01168|CENTRO EDUCATIVO DE LAS AMÉRICAS|08|ESMERALDAS|0808|LA CONCORDIA|080850|LA CONCORDIA|Zona 4|LA CONCORDIA|23D03|23D03C03||0|Particular|COSTA|Hispana|Educación regular|Presencial|Matutina|Inicial y Educacción Básica|Mestiza|No aplica|No Aplica|SI|2|Terrestre|170|12|Activa
08H01173|HECTOR  ALMEIDA|08|ESMERALDAS|0808|LA CONCORDIA|080850|LA CONCORDIA|Zona 4|LA CONCORDIA|23D03|23D03C03||0|Fiscal|COSTA|Hispana|Educación regular|Presencial|Matutina|Educación Básica|Mestiza|No aplica|No Aplica|SI|2|Terrestre|73|5|Activa
08H01174|LUIS VARGAS TORRES|08|ESMERALDAS|0808|LA CONCORDIA|080850|LA CONCORDIA|Zona 4|LA CONCORDIA|23D03|23D03C03||0|Fiscal|COSTA|Hispana|Educación regular|Presencial|Matutina|Inicial y Educacción Básica|Mestiza|No aplica|No Aplica|SI|2|Terrestre|1120|38|Activa
08H01176|UNIDAD EDUCATIVA PARTICULAR CATOLICA SAGRADOS CORAZONES|08|ESMERALDAS|0808|LA CONCORDIA|080850|LA CONCORDIA|Zona 4|LA CONCORDIA|23D03|23D03C03||0|Fiscomisional|COSTA|Hispana|Educación regular|Presencial|Matutina|Educación Básica y Bachillerato|Mestiza|No aplica|No Aplica|SI|2|Terrestre|570|33|Activa
08H01180|EDUCACION ESPECIAL ENRIQUE BARTOLUCCI|08|ESMERALDAS|0808|LA CONCORDIA|080850|LA CONCORDIA|Zona 4|LA CONCORDIA|23D03|23D03C03||0|Fiscal|COSTA|Hispana|Educación Especial|Presencial|Matutina|Inicial y Educacción Básica|Mestiza|No aplica|No Aplica|SI|2|Terrestre|94|14|Activa
08H01181|UNIDAD EDUCATIVA  PARTICULAR EVANGÉLICA LUZ Y LIBERTAD|08|ESMERALDAS|0808|LA CONCORDIA|080850|LA CONCORDIA|Zona 4|LA CONCORDIA|23D03|23D03C03||0|Particular|COSTA|Hispana|Educación regular|Presencial|Matutina|Inicial Educación Básica y Bachillerato|Mestiza|No aplica|No Aplica|SI|2|Terrestre|395|16|Activa
08H01128|ESCUELA  MUNDO INFANTIL Y COLEGIO ESPAÑOL|08|ESMERALDAS|0808|LA CONCORDIA|080850|LA CONCORDIA|Zona 4|LA CONCORDIA|23D03|23D03C03||0|Particular|COSTA|Hispana|Educación regular|Presencial|Matutina|Educación Básica y Bachillerato|Mestiza|No aplica|No Aplica|SI|2|Terrestre|55|7|Activa
08H01130|LUIS OLMEDO MUÑOZ BOLAÑOS|08|ESMERALDAS|0808|LA CONCORDIA|080850|LA CONCORDIA|Zona 4|LA CONCORDIA|23D03|23D03C03||0|Fiscal|COSTA|Hispana|Educación regular|Presencial|Matutina|Inicial y Educacción Básica|Mestiza|No aplica|No Aplica|SI|2|Terrestre|184|7|Activa
17H02621|ANGEL POLIVIO CHAVEZ|08|ESMERALDAS|0808|LA CONCORDIA|080850|LA CONCORDIA|Zona 4|LA CONCORDIA|23D03|23D03C03||0|Fiscal|SIERRA|Hispana|Educación regular|Presencial|Matutina|Educación Básica|Mestiza|No aplica|No Aplica|SI|2|Terrestre|6|0|Activa
23H00281|CARLOS BECDACH|08|ESMERALDAS|0808|LA CONCORDIA|080850|LA CONCORDIA|Zona 4|LA CONCORDIA|23D03|23D03C03||0|Fiscal|COSTA|Hispana|Educación regular|Presencial|Matutina|Educación Básica|Mestiza|No aplica|No Aplica|SI|2|Terrestre|68|3|Activa
23H00312|UNICEF|08|ESMERALDAS|0808|LA CONCORDIA|080850|LA CONCORDIA|Zona 4|LA CONCORDIA|23D03|23D03C03||0|Fiscal|COSTA|Hispana|Educación regular|Presencial|Matutina|Educación Básica|Mestiza|No aplica|No Aplica|SI|2|Terrestre|31|1|Activa
23H00317|EDUARDO LUGO|08|ESMERALDAS|0808|LA CONCORDIA|080850|LA CONCORDIA|Zona 4|LA CONCORDIA|23D03|23D03C03||0|Fiscal|COSTA|Hispana|Educación regular|Presencial|Matutina|Educación Básica|Mestiza|No aplica|No Aplica|SI|2|Terrestre|69|3|Activa
23H00323|CIUDAD DE MADRID|08|ESMERALDAS|0808|LA CONCORDIA|080850|LA CONCORDIA|Zona 4|LA CONCORDIA|23D03|23D03C03||0|Fiscal|COSTA|Hispana|Educación regular|Presencial|Matutina|Educación Básica|Mestiza|No aplica|No Aplica|SI|2|Terrestre|16|1|Activa
23H00353|PLAN PILOTO|08|ESMERALDAS|0808|LA CONCORDIA|080850|LA CONCORDIA|Zona 4|LA CONCORDIA|23D03|23D03C03||0|Fiscal|COSTA|Hispana|Educación regular|Presencial|Matutina|Educación Básica|Mestiza|No aplica|No Aplica|SI|2|Terrestre|211|8|Activa
23H00364|5 DE SEPTIEMBRE|08|ESMERALDAS|0808|LA CONCORDIA|080850|LA CONCORDIA|Zona 4|LA CONCORDIA|23D03|23D03C03||0|Fiscal|COSTA|Hispana|Educación regular|Presencial|Matutina|Inicial y Educacción Básica|Mestiza|No aplica|No Aplica|SI|2|Terrestre|89|6|Activa
23H00382|PROVINCIA DE PICHINCHA|08|ESMERALDAS|0808|LA CONCORDIA|080850|LA CONCORDIA|Zona 4|LA CONCORDIA|23D03|23D03C03||0|Fiscal|COSTA|Hispana|Educación regular|Presencial|Vespertina|Inicial y Educacción Básica|Mestiza|No aplica|No Aplica|SI|2|Terrestre|516|18|Activa
23H00394|JOSE LUIS ALFARO|08|ESMERALDAS|0808|LA CONCORDIA|080850|LA CONCORDIA|Zona 4|LA CONCORDIA|23D03|23D03C03||0|Fiscal|COSTA|Hispana|Educación regular|Presencial|Matutina|Educación Básica|Mestiza|No aplica|No Aplica|SI|2|Terrestre|20|1|Activa
23H00680|SANTA TERESITA|08|ESMERALDAS|0808|LA CONCORDIA|080850|LA CONCORDIA|Zona 4|LA CONCORDIA|23D03|23D03C03||0|Fiscal|COSTA|Hispana|Popular Permanente|Presencial|Vespertina|Alfabetización P.P|Mestiza|No aplica|No Aplica|SI|2|Terrestre|36|0|Activa
23H00458|28 DE SEPTIEMBRE|08|ESMERALDAS|0808|LA CONCORDIA|080850|LA CONCORDIA|Zona 4|LA CONCORDIA|23D03|23D03C03||0|Fiscal|COSTA|Hispana|Educación regular|Presencial|Matutina|Educación Básica y Bachillerato|Mestiza|No aplica|No Aplica|SI|2|Terrestre|172|11|Activa
08H01169|ROSA ZARATE|08|ESMERALDAS|0808|LA CONCORDIA|080850|LA CONCORDIA|Zona 4|LA CONCORDIA|23D03|23D03C03|SI|0|Fiscal|COSTA|Hispana|Educación regular|Presencial|Matutina|Educación Básica y Bachillerato|Mestiza|No aplica|No Aplica|SI|2|Terrestre|610|19|Activa
08H01182|LA CONCORDIA|08|ESMERALDAS|0808|LA CONCORDIA|080850|LA CONCORDIA|Zona 4|LA CONCORDIA|23D03|23D03C03|SI|0|Fiscal|COSTA|Hispana|Educación regular|Presencial|Matutina y Nocturna|Educación Básica y Bachillerato|Mestiza|No aplica|No Aplica|SI|2|Terrestre|2014|51|Activa
08H01493|CENTRO DE FORMACION ARTESANAL 8 DE SEPTIEMBRE|08|ESMERALDAS|0808|LA CONCORDIA|080850|LA CONCORDIA|Zona 4|LA CONCORDIA|23D03||||Particular|COSTA|Hispana|Popular Permanente|Presencial|Nocturna|Alfabetización P.P|Mestiza|No aplica|No Aplica|||Terrestre|46|0|Activa
08H02237|REPUBLICA DE HOLANDA|08|ESMERALDAS|0808|LA CONCORDIA|080850|LA CONCORDIA|Zona 4|LA CONCORDIA|23D03||||Fiscal|COSTA|Hispana|Educación regular|Presencial|Matutina|Educación Básica|Mestiza|NULL|NULL|||Terrestre|22|1|Activa
08H02250|LATINOAMERICANO|08|ESMERALDAS|0808|LA CONCORDIA|080850|LA CONCORDIA|Zona 4|LA CONCORDIA|23D03||||Particular|COSTA|Hispana|Educación regular|Presencial|Matutina|Educación Básica|Mestiza|NULL|NULL|||Terrestre|7|3|Activa
13H03753|12 DE OCTUBRE|13|MANABI|1316|24 DE MAYO|131651|BELLAVISTA|Zona 4|SANTA ANA – 24 DE MAYO – OLMEDO|13D04|13D04C04||0|Fiscal|COSTA|Hispana|Educación regular|Presencial|Matutina|Educación Básica|Mestiza|No aplica|No Aplica|NO|1|Terrestre|27|2|Activa
13H03823|CENTRO DE EDUCACION BASICA 21 DE NOVIEMBRE|13|MANABI|1316|24 DE MAYO|131653|ARQ. SIXTO DURAN BALLEN|Zona 4|SANTA ANA – 24 DE MAYO – OLMEDO|13D04|13D04C09_a||0|Fiscal|COSTA|Hispana|Educación regular|Presencial|Matutina|Inicial y Educacción Básica|Mestiza|No aplica|No Aplica|NO|1|Terrestre|157|12|Activa
13H03828|CARLOS HERNANDEZ HIDALGO|13|MANABI|1316|24 DE MAYO|131653|ARQ. SIXTO DURAN BALLEN|Zona 4|SANTA ANA – 24 DE MAYO – OLMEDO|13D04|13D04C09_a||0|Fiscal|COSTA|Hispana|Educación regular|Presencial|Matutina|Educación Básica|Mestiza|No aplica|No Aplica|NO|1|Terrestre|24|2|Activa
13H03829|NUEVA ESPERANZA|13|MANABI|1316|24 DE MAYO|131653|ARQ. SIXTO DURAN BALLEN|Zona 4|SANTA ANA – 24 DE MAYO – OLMEDO|13D04|13D04C09_a||0|Fiscal|COSTA|Hispana|Educación regular|Presencial|Matutina|Educación Básica|Mestiza|No aplica|No Aplica|NO|1|Terrestre|15|1|Activa
13H03832|1 DE OCTUBRE|13|MANABI|1316|24 DE MAYO|131653|ARQ. SIXTO DURAN BALLEN|Zona 4|SANTA ANA – 24 DE MAYO – OLMEDO|13D04|13D04C09_a||0|Particular|COSTA|Hispana|Educación regular|Presencial|Vespertina|Educación Básica y Bachillerato|Mestiza|No aplica|No Aplica|NO|1|Terrestre|72|11|Activa
13H03807|3 DE OCTUBRE|13|MANABI|1316|24 DE MAYO|131653|ARQ. SIXTO DURAN BALLEN|Zona 4|SANTA ANA – 24 DE MAYO – OLMEDO|13D04|13D04C09_a||0|Fiscal|COSTA|Hispana|Educación regular|Presencial|Matutina|Educación Básica|Mestiza|No aplica|No Aplica|NO|1|Terrestre|13|2|Activa
13H03808|RICARDO CHAVEZ MACIAS|13|MANABI|1316|24 DE MAYO|131653|ARQ. SIXTO DURAN BALLEN|Zona 4|SANTA ANA – 24 DE MAYO – OLMEDO|13D04|13D04C09_a||0|Fiscal|COSTA|Hispana|Educación regular|Presencial|Matutina|Educación Básica|Mestiza|No aplica|No Aplica|NO|1|Terrestre|25|2|Activa
13H03812|25 DE JUNIO|13|MANABI|1316|24 DE MAYO|131653|ARQ. SIXTO DURAN BALLEN|Zona 4|SANTA ANA – 24 DE MAYO – OLMEDO|13D04|13D04C09_a||0|Fiscal|COSTA|Hispana|Educación regular|Presencial|Matutina|Educación Básica|NULL|No aplica|No Aplica|NO|1|Terrestre|36|3|Activa
13H03813|JOSE MARIA VELASCO IBARRA|13|MANABI|1316|24 DE MAYO|131653|ARQ. SIXTO DURAN BALLEN|Zona 4|SANTA ANA – 24 DE MAYO – OLMEDO|13D04|13D04C09_a||0|Fiscal|COSTA|Hispana|Educación regular|Presencial|Matutina|Educación Básica|Mestiza|No aplica|No Aplica|NO|1|Terrestre|11|1|Activa
13H03817|JUAN MONTALVO|13|MANABI|1316|24 DE MAYO|131653|ARQ. SIXTO DURAN BALLEN|Zona 4|SANTA ANA – 24 DE MAYO – OLMEDO|13D04|13D04C09_a||0|Fiscal|COSTA|Hispana|Educación regular|Presencial|Matutina|Educación Básica|Mestiza|No aplica|No Aplica|NO|1|Terrestre|53|2|Activa
13H03821|MARIA BRIGIDA VILLEGAS LASCANO|13|MANABI|1316|24 DE MAYO|131653|ARQ. SIXTO DURAN BALLEN|Zona 4|SANTA ANA – 24 DE MAYO – OLMEDO|13D04|13D04C09_a||0|Fiscal|COSTA|Hispana|Educación regular|Presencial|Matutina|Inicial y Educacción Básica|Mestiza|No aplica|No Aplica|NO|1|Terrestre|32|2|Activa
13H03816|CENTRO DE EDUCACION LAS MERCEDES|13|MANABI|1316|24 DE MAYO|131653|ARQ. SIXTO DURAN BALLEN|Zona 4|SANTA ANA – 24 DE MAYO – OLMEDO|13D04|13D04C09_a|SI|0|Fiscal|COSTA|Hispana|Educación regular|Presencial|Matutina|Educación Básica y Bachillerato|Mestiza|No aplica|No Aplica|NO|1|Terrestre|132|12|Activa
13H03736|10 DE JUNIO|13|MANABI|1316|24 DE MAYO|131653|ARQ. SIXTO DURAN BALLEN|Zona 4|SANTA ANA – 24 DE MAYO – OLMEDO|13D04|13D04C09_a||0|Fiscal|COSTA|Hispana|Educación regular|Presencial|Matutina|Educación Básica|Mestiza|No aplica|No Aplica|SI|2|Terrestre|11|1|Activa
13H03768|ANTONIO JOSE DE SUCRE|13|MANABI|1316|24 DE MAYO|131653|ARQ. SIXTO DURAN BALLEN|Zona 4|SANTA ANA – 24 DE MAYO – OLMEDO|13D04|13D04C09_a||0|Fiscal|COSTA|Hispana|Educación regular|Presencial|Matutina|Inicial y Educacción Básica|Mestiza|No aplica|No Aplica|SI|2|Terrestre|45|2|Activa
13H04086|DANIEL MOREIRA|13|MANABI|1316|24 DE MAYO|131653|ARQ. SIXTO DURAN BALLEN|Zona 4|SANTA ANA – 24 DE MAYO – OLMEDO|13D04|13D04C09_a||0|Fiscal|COSTA|Hispana|Educación regular|Presencial|Matutina|Educación Básica|Mestiza|No aplica|No Aplica|SI|2|Terrestre|4|1|Activa
13H04741|ELOY ALFARO DELGADO|13|MANABI|1316|24 DE MAYO|131653|ARQ. SIXTO DURAN BALLEN|Zona 4|SANTA ANA – 24 DE MAYO – OLMEDO|13D04|13D04C09_a||0|Fiscal|COSTA|Hispana|Educación regular|Presencial|Matutina|Educación Básica|Mestiza|No aplica|No Aplica|SI|2|Terrestre|18|1|Activa
